{
  "experiment_id": "exp_20251212_130252",
  "models": [
    "gpt-4o-mini",
    "gpt-4o"
  ],
  "task": "all",
  "timestamp": "2025-12-12T13:03:11.594649",
  "results": {
    "gpt-4o-mini": {
      "classification": 1.0,
      "summarization": 0.42727272727272725,
      "extraction": 1.0
    },
    "gpt-4o": {
      "classification": 1.0,
      "summarization": 0.5111111111111111,
      "extraction": 1.0
    }
  }
}