{
  "experiment_id": "exp_20251212_132810",
  "models": [
    "gpt-4o-mini",
    "gpt-4o"
  ],
  "task": "all",
  "timestamp": "2025-12-12T13:28:29.628888",
  "results": {
    "gpt-4o-mini": {
      "classification": 1.0,
      "summarization": 0.4982674982674983,
      "extraction": 1.0
    },
    "gpt-4o": {
      "classification": 1.0,
      "summarization": 0.5363636363636364,
      "extraction": 1.0
    }
  }
}