{
  "experiment_id": "exp_20251212_143821",
  "models": [
    "gpt-4o-mini",
    "gpt-4o"
  ],
  "task": "all",
  "timestamp": "2025-12-12T14:38:45.702562",
  "results": {
    "gpt-4o-mini": {
      "classification": 1.0,
      "summarization": 0.5943204868154158,
      "extraction": 1.0
    },
    "gpt-4o": {
      "classification": 1.0,
      "summarization": 0.5363636363636364,
      "extraction": 1.0
    }
  }
}