{
  "experiment_id": "exp_20251212_125259",
  "models": [
    "gpt-4o-mini",
    "gpt-4o"
  ],
  "task": "all",
  "timestamp": "2025-12-12T12:53:17.758672",
  "results": {
    "gpt-4o-mini": {
      "classification": 1.0,
      "summarization": 0.5528455284552846,
      "extraction": 1.0
    },
    "gpt-4o": {
      "classification": 1.0,
      "summarization": 0.5145833333333334,
      "extraction": 1.0
    }
  }
}